tv_show_title,episode_name,season,episode,air_date,episode_link
She's the One,Episode 117,1,117,2025-03-20,https://www.themoviedb.org/tv/257048/season/1/episode/117
Volta por Cima,Episode 148,1,148,2025-03-20,https://www.themoviedb.org/tv/257064/season/1/episode/148
Al Maddah,Episode 22,5,22,2025-03-20,https://www.themoviedb.org/tv/122543/season/5/episode/22
Al Fondo Hay Sitio,Episode 24,12,24,2025-03-20,https://www.themoviedb.org/tv/32209/season/12/episode/24
Seen,Episode 20,3,20,2025-03-20,https://www.themoviedb.org/tv/123335/season/3/episode/20
A Fazenda,Episode 82,1,82,2025-03-20,https://www.themoviedb.org/tv/259524/season/1/episode/82
Sweet Sour,Episode 20,6,20,2025-03-20,https://www.themoviedb.org/tv/93604/season/6/episode/20
The Jennifer Hudson Show,Mario Lopez,3,121,2025-03-20,https://www.themoviedb.org/tv/204746/season/3/episode/121
And You Meet A Lover,Episode 20,1,20,2025-03-20,https://www.themoviedb.org/tv/260755/season/1/episode/20
Die Landarztpraxis,Episode 56,3,56,2025-03-20,https://www.themoviedb.org/tv/234337/season/3/episode/56
Omusubi,Episode 119,1,119,2025-03-20,https://www.themoviedb.org/tv/261791/season/1/episode/119
Suidooster,Episode 253,10,253,2025-03-20,https://www.themoviedb.org/tv/235484/season/10/episode/253
De Bondgenoten,Episode 109,2,109,2025-03-20,https://www.themoviedb.org/tv/235493/season/2/episode/109
Hakim Pasha,Episode 20,1,20,2025-03-20,https://www.themoviedb.org/tv/260608/season/1/episode/20
Ulice,Episode 147,20,147,2025-03-20,https://www.themoviedb.org/tv/36361/season/20/episode/147
Binnelanders,Episode 209,20,209,2025-03-20,https://www.themoviedb.org/tv/206559/season/20/episode/209
All Against All,Episode 28,12,28,2025-03-20,https://www.themoviedb.org/tv/87362/season/12/episode/28
MasterChef Greece,Episode 43,11,43,2025-03-20,https://www.themoviedb.org/tv/37757/season/11/episode/43
Princess Wall shadow,Episode 20,1,20,2025-03-20,https://www.themoviedb.org/tv/271501/season/1/episode/20
My Heart Relieved,Episode 20,8,20,2025-03-20,https://www.themoviedb.org/tv/101604/season/8/episode/20
Sherri,Joy Behar,3,114,2025-03-20,https://www.themoviedb.org/tv/210081/season/3/episode/114
Crazy About You,Episode 166,1,166,2025-03-20,https://www.themoviedb.org/tv/237478/season/1/episode/166
Dreams of Liberty,Episode 270,1,270,2025-03-20,https://www.themoviedb.org/tv/239526/season/1/episode/270
A Herança,Episode 39,1,39,2025-03-20,https://www.themoviedb.org/tv/273050/season/1/episode/39
La Casa de los Famosos Colombia,Programa 54,2,54,2025-03-20,https://www.themoviedb.org/tv/240909/season/2/episode/54
La promesa,Episode 63,4,63,2025-03-20,https://www.themoviedb.org/tv/212907/season/4/episode/63
La promesa,Episode 64,4,64,2025-03-20,https://www.themoviedb.org/tv/212907/season/4/episode/64
Lady of the sea,Episode 291,1,291,2025-03-20,https://www.themoviedb.org/tv/242099/season/1/episode/291
El hormiguero,Episode 106,19,106,2025-03-20,https://www.themoviedb.org/tv/6809/season/19/episode/106
"Plus belle la vie, encore plus belle",Episode 54,2,54,2025-03-20,https://www.themoviedb.org/tv/243117/season/2/episode/54
"A.mar, donde el amor teje sus redes",Episode 29,1,29,2025-03-20,https://www.themoviedb.org/tv/274971/season/1/episode/29
Bound at First Sight,Episode 31,1,31,2025-03-20,https://www.themoviedb.org/tv/231228/season/1/episode/31
Bound at First Sight,Episode 32,1,32,2025-03-20,https://www.themoviedb.org/tv/231228/season/1/episode/32
Child Treatment Certificate,Episode 20,1,20,2025-03-20,https://www.themoviedb.org/tv/276514/season/1/episode/20
A Protegida,Episode 25,1,25,2025-03-20,https://www.themoviedb.org/tv/274186/season/1/episode/25
La Casa de los Famosos,Programa 39,5,39,2025-03-20,https://www.themoviedb.org/tv/137228/season/5/episode/39
The Porters,Episode 21,2,21,2025-03-20,https://www.themoviedb.org/tv/244644/season/2/episode/21
Tomorrow Is Ours,Episode 1904,1,1904,2025-03-20,https://www.themoviedb.org/tv/72879/season/1/episode/1904
Incognito,Close to Home,1,44,2025-03-20,https://www.themoviedb.org/tv/278428/season/1/episode/44
Big Brother,Day Highlights 18,15,19,2025-03-20,https://www.themoviedb.org/tv/21926/season/15/episode/19
Hallo Kroket!,Episode 54,1,54,2025-03-20,https://www.themoviedb.org/tv/279257/season/1/episode/54
Sľub,Episode 49,1,49,2025-03-20,https://www.themoviedb.org/tv/279914/season/1/episode/49
Watch What Happens Live with Andy Cohen,"Annaleigh Ashford, Venita Aspen",22,48,2025-03-20,https://www.themoviedb.org/tv/22980/season/22/episode/48
Pokoli rokonok,Episode 56,1,56,2025-03-20,https://www.themoviedb.org/tv/280829/season/1/episode/56
Ici tout commence,Episode 1136,1,1136,2025-03-20,https://www.themoviedb.org/tv/112470/season/1/episode/1136
Crimewatch Live,"‘Every Night, I Still Look’",21,14,2025-03-20,https://www.themoviedb.org/tv/23840/season/21/episode/14
Kelders van Geheime,Episode 229,1,229,2025-03-20,https://www.themoviedb.org/tv/249010/season/1/episode/229
Under The Seventh Earth,Episode 21,1,21,2025-03-20,https://www.themoviedb.org/tv/281420/season/1/episode/21
In Blood,Episode 20,1,20,2025-03-20,https://www.themoviedb.org/tv/282561/season/1/episode/20
Centipede,Episode 21,1,21,2025-03-20,https://www.themoviedb.org/tv/282579/season/1/episode/21
Rahma,Episode 19,1,19,2025-03-20,https://www.themoviedb.org/tv/283602/season/1/episode/19
The Hero,Episode 21,1,21,2025-03-20,https://www.themoviedb.org/tv/283982/season/1/episode/21
Celebrity MasterChef India,Episode 39,1,39,2025-03-20,https://www.themoviedb.org/tv/283216/season/1/episode/39
Roxy Nights,Episode 20,1,20,2025-03-20,https://www.themoviedb.org/tv/283725/season/1/episode/20
Al-Halanji,Episode 20,1,20,2025-03-20,https://www.themoviedb.org/tv/283739/season/1/episode/20
Juma,Episode 20,1,20,2025-03-20,https://www.themoviedb.org/tv/283744/season/1/episode/20
Moawiya,Episode 20,1,20,2025-03-20,https://www.themoviedb.org/tv/284483/season/1/episode/20
Ramez Elon Masr,Episode 20,1,20,2025-03-20,https://www.themoviedb.org/tv/284659/season/1/episode/20
Come Home Love: Lo and Behold,Episode 2516,1,2516,2025-03-20,https://www.themoviedb.org/tv/91759/season/1/episode/2516
Midnight Crime,Episode 20,1,20,2025-03-20,https://www.themoviedb.org/tv/283732/season/1/episode/20
The day I meet you,Episode 19,1,19,2025-03-20,https://www.themoviedb.org/tv/284984/season/1/episode/19
مدفع رمضان,Episode 20,1,20,2025-03-20,https://www.themoviedb.org/tv/285041/season/1/episode/20
La Jefa,Capítulo 22,1,22,2025-03-20,https://www.themoviedb.org/tv/284219/season/1/episode/22
A Promessa,Episode 198,2,198,2025-03-20,https://www.themoviedb.org/tv/252373/season/2/episode/198
Chronicles of the Sun,Episode 52,7,52,2025-03-20,https://www.themoviedb.org/tv/81329/season/7/episode/52
The First Years,Episode 104,13,104,2025-03-20,https://www.themoviedb.org/tv/82708/season/13/episode/104
Esh Esh,Episode 21,1,21,2025-03-20,https://www.themoviedb.org/tv/260605/season/1/episode/21
Al Sabe,Episode 20,1,20,2025-03-20,https://www.themoviedb.org/tv/284424/season/1/episode/20
Jeopardy!,Episode 139,41,139,2025-03-20,https://www.themoviedb.org/tv/2912/season/41/episode/139
Diepe Waters,Episode 100,3,100,2025-03-20,https://www.themoviedb.org/tv/231962/season/3/episode/100
Lang Leve de Liefde,Episode 134,7,134,2025-03-20,https://www.themoviedb.org/tv/136166/season/7/episode/134
Na Wspólnej,Episode 107,24,107,2025-03-20,https://www.themoviedb.org/tv/14750/season/24/episode/107
Athena,Episode 20,1,20,2025-03-20,https://www.themoviedb.org/tv/274181/season/1/episode/20
I hope you have it,Episode 20,1,20,2025-03-20,https://www.themoviedb.org/tv/283734/season/1/episode/20
The People of the Sin,Episode 20,1,20,2025-03-20,https://www.themoviedb.org/tv/283091/season/1/episode/20
Vandaag Inside,Episode 44,8,44,2025-03-20,https://www.themoviedb.org/tv/154828/season/8/episode/44
Me atrevo a amarte,Episode 19,1,19,2025-03-20,https://www.themoviedb.org/tv/284441/season/1/episode/19
The Arena with Kasie Hunt,Episode 39,1,39,2025-03-20,https://www.themoviedb.org/tv/283709/season/1/episode/39
Big Brother Célébrités,Episode 60,5,60,2025-03-20,https://www.themoviedb.org/tv/113207/season/5/episode/60
Star Académie,Episode 49,3,49,2025-03-20,https://www.themoviedb.org/tv/115107/season/3/episode/49
Big Brother,Episode 64,5,64,2025-03-20,https://www.themoviedb.org/tv/114885/season/5/episode/64
LIVE with Kelly and Mark,Ralph Macchio and Rita Ora,37,143,2025-03-20,https://www.themoviedb.org/tv/1900/season/37/episode/143
الدم المشروك,Episode 19,1,19,2025-03-20,https://www.themoviedb.org/tv/284985/season/1/episode/19
"Nuevo Rico, Nuevo Pobre",Episode 29,1,29,2025-03-20,https://www.themoviedb.org/tv/283917/season/1/episode/29
كوكب فجعان,Episode 20,1,20,2025-03-20,https://www.themoviedb.org/tv/285484/season/1/episode/20
هكذا قصص القرآن,Episode 20,1,20,2025-03-20,https://www.themoviedb.org/tv/285482/season/1/episode/20
Wagle Ki Duniya,Episode 1240,1,1240,2025-03-20,https://www.themoviedb.org/tv/119316/season/1/episode/1240
Dahoam is Dahoam,Episode 192,21,192,2025-03-20,https://www.themoviedb.org/tv/40879/season/21/episode/192
STAT,Episode 100,3,100,2025-03-20,https://www.themoviedb.org/tv/210078/season/3/episode/100
Markus Lanz,Episode 34,18,34,2025-03-20,https://www.themoviedb.org/tv/23915/season/18/episode/34
Si Jin,Episode 36,1,36,2025-03-20,https://www.themoviedb.org/tv/263043/season/1/episode/36
Si Jin,Episode 37,1,37,2025-03-20,https://www.themoviedb.org/tv/263043/season/1/episode/37
Si Jin,Episode 38,1,38,2025-03-20,https://www.themoviedb.org/tv/263043/season/1/episode/38
Si Jin,Episode 39,1,39,2025-03-20,https://www.themoviedb.org/tv/263043/season/1/episode/39
Si Jin,Episode 40,1,40,2025-03-20,https://www.themoviedb.org/tv/263043/season/1/episode/40
Milo,Episode 116,2,116,2025-03-20,https://www.themoviedb.org/tv/228272/season/2/episode/116
Breath,Episode 20,1,20,2025-03-20,https://www.themoviedb.org/tv/284160/season/1/episode/20
She's the One,Episode 118,1,118,2025-03-21,https://www.themoviedb.org/tv/257048/season/1/episode/118
Volta por Cima,Episode 149,1,149,2025-03-21,https://www.themoviedb.org/tv/257064/season/1/episode/149
Al Maddah,Episode 23,5,23,2025-03-21,https://www.themoviedb.org/tv/122543/season/5/episode/23
Al Fondo Hay Sitio,Episode 25,12,25,2025-03-21,https://www.themoviedb.org/tv/32209/season/12/episode/25
Seen,Episode 21,3,21,2025-03-21,https://www.themoviedb.org/tv/123335/season/3/episode/21
A Fazenda,Episode 83,1,83,2025-03-21,https://www.themoviedb.org/tv/259524/season/1/episode/83
Sweet Sour,Episode 21,6,21,2025-03-21,https://www.themoviedb.org/tv/93604/season/6/episode/21
The Jennifer Hudson Show,SZA,3,122,2025-03-21,https://www.themoviedb.org/tv/204746/season/3/episode/122
And You Meet A Lover,Episode 21,1,21,2025-03-21,https://www.themoviedb.org/tv/260755/season/1/episode/21
Die Landarztpraxis,Episode 57,3,57,2025-03-21,https://www.themoviedb.org/tv/234337/season/3/episode/57
Omusubi,Episode 120,1,120,2025-03-21,https://www.themoviedb.org/tv/261791/season/1/episode/120
Suidooster,Episode 254,10,254,2025-03-21,https://www.themoviedb.org/tv/235484/season/10/episode/254
De Bondgenoten,Episode 110,2,110,2025-03-21,https://www.themoviedb.org/tv/235493/season/2/episode/110
Hakim Pasha,Episode 21,1,21,2025-03-21,https://www.themoviedb.org/tv/260608/season/1/episode/21
Ulice,Episode 148,20,148,2025-03-21,https://www.themoviedb.org/tv/36361/season/20/episode/148
Binnelanders,Episode 210,20,210,2025-03-21,https://www.themoviedb.org/tv/206559/season/20/episode/210
MasterChef Greece,Episode 44,11,44,2025-03-21,https://www.themoviedb.org/tv/37757/season/11/episode/44
My Heart Relieved,Episode 21,8,21,2025-03-21,https://www.themoviedb.org/tv/101604/season/8/episode/21
Crazy About You,Episode 167,1,167,2025-03-21,https://www.themoviedb.org/tv/237478/season/1/episode/167
Dreams of Liberty,Episode 271,1,271,2025-03-21,https://www.themoviedb.org/tv/239526/season/1/episode/271
A Herança,Episode 40,1,40,2025-03-21,https://www.themoviedb.org/tv/273050/season/1/episode/40
La Casa de los Famosos Colombia,Programa 55,2,55,2025-03-21,https://www.themoviedb.org/tv/240909/season/2/episode/55
La promesa,Episode 65,4,65,2025-03-21,https://www.themoviedb.org/tv/212907/season/4/episode/65
La promesa,Episode 66,4,66,2025-03-21,https://www.themoviedb.org/tv/212907/season/4/episode/66
Lady of the sea,Episode 292,1,292,2025-03-21,https://www.themoviedb.org/tv/242099/season/1/episode/292
"Plus belle la vie, encore plus belle",Episode 55,2,55,2025-03-21,https://www.themoviedb.org/tv/243117/season/2/episode/55
"A.mar, donde el amor teje sus redes",Episode 30,1,30,2025-03-21,https://www.themoviedb.org/tv/274971/season/1/episode/30
Bound at First Sight,Episode 33,1,33,2025-03-21,https://www.themoviedb.org/tv/231228/season/1/episode/33
Bound at First Sight,Episode 34,1,34,2025-03-21,https://www.themoviedb.org/tv/231228/season/1/episode/34
Child Treatment Certificate,Episode 21,1,21,2025-03-21,https://www.themoviedb.org/tv/276514/season/1/episode/21
A Protegida,Episode 26,1,26,2025-03-21,https://www.themoviedb.org/tv/274186/season/1/episode/26
La Casa de los Famosos,Programa 40,5,40,2025-03-21,https://www.themoviedb.org/tv/137228/season/5/episode/40
The Porters,Episode 22,2,22,2025-03-21,https://www.themoviedb.org/tv/244644/season/2/episode/22
Tomorrow Is Ours,Episode 1905,1,1905,2025-03-21,https://www.themoviedb.org/tv/72879/season/1/episode/1905
Incognito,Compadre,1,45,2025-03-21,https://www.themoviedb.org/tv/278428/season/1/episode/45
Big Brother,Day Highlights 19,15,20,2025-03-21,https://www.themoviedb.org/tv/21926/season/15/episode/20
Hallo Kroket!,Episode 55,1,55,2025-03-21,https://www.themoviedb.org/tv/279257/season/1/episode/55
Sľub,Episode 50,1,50,2025-03-21,https://www.themoviedb.org/tv/279914/season/1/episode/50
Pokoli rokonok,Episode 57,1,57,2025-03-21,https://www.themoviedb.org/tv/280829/season/1/episode/57
Ici tout commence,Episode 1137,1,1137,2025-03-21,https://www.themoviedb.org/tv/112470/season/1/episode/1137
Crimewatch Live,Twenty Years of Secrecy,21,15,2025-03-21,https://www.themoviedb.org/tv/23840/season/21/episode/15
Kelders van Geheime,Episode 230,1,230,2025-03-21,https://www.themoviedb.org/tv/249010/season/1/episode/230
Under The Seventh Earth,Episode 22,1,22,2025-03-21,https://www.themoviedb.org/tv/281420/season/1/episode/22
In Blood,Episode 21,1,21,2025-03-21,https://www.themoviedb.org/tv/282561/season/1/episode/21
Centipede,Episode 22,1,22,2025-03-21,https://www.themoviedb.org/tv/282579/season/1/episode/22
Rahma,Episode 20,1,20,2025-03-21,https://www.themoviedb.org/tv/283602/season/1/episode/20
The Hero,Episode 22,1,22,2025-03-21,https://www.themoviedb.org/tv/283982/season/1/episode/22
Celebrity MasterChef India,Episode 40,1,40,2025-03-21,https://www.themoviedb.org/tv/283216/season/1/episode/40
Moawiya,Episode 21,1,21,2025-03-21,https://www.themoviedb.org/tv/284483/season/1/episode/21
Ramez Elon Masr,Episode 21,1,21,2025-03-21,https://www.themoviedb.org/tv/284659/season/1/episode/21
Come Home Love: Lo and Behold,Episode 2517,1,2517,2025-03-21,https://www.themoviedb.org/tv/91759/season/1/episode/2517
The day I meet you,Episode 20,1,20,2025-03-21,https://www.themoviedb.org/tv/284984/season/1/episode/20
مدفع رمضان,Episode 21,1,21,2025-03-21,https://www.themoviedb.org/tv/285041/season/1/episode/21
La Jefa,Capítulo 23,1,23,2025-03-21,https://www.themoviedb.org/tv/284219/season/1/episode/23
A Promessa,Episode 199,2,199,2025-03-21,https://www.themoviedb.org/tv/252373/season/2/episode/199
Chronicles of the Sun,Episode 53,7,53,2025-03-21,https://www.themoviedb.org/tv/81329/season/7/episode/53
The First Years,Episode 105,13,105,2025-03-21,https://www.themoviedb.org/tv/82708/season/13/episode/105
Esh Esh,Episode 22,1,22,2025-03-21,https://www.themoviedb.org/tv/260605/season/1/episode/22
Al Sabe,Episode 21,1,21,2025-03-21,https://www.themoviedb.org/tv/284424/season/1/episode/21
Jeopardy!,Episode 140,41,140,2025-03-21,https://www.themoviedb.org/tv/2912/season/41/episode/140
Lang Leve de Liefde,Episode 135,7,135,2025-03-21,https://www.themoviedb.org/tv/136166/season/7/episode/135
Vandaag Inside,Episode 45,8,45,2025-03-21,https://www.themoviedb.org/tv/154828/season/8/episode/45
Me atrevo a amarte,Episode 20,1,20,2025-03-21,https://www.themoviedb.org/tv/284441/season/1/episode/20
The Arena with Kasie Hunt,Episode 40,1,40,2025-03-21,https://www.themoviedb.org/tv/283709/season/1/episode/40
Big Brother,Episode 65,5,65,2025-03-21,https://www.themoviedb.org/tv/114885/season/5/episode/65
Big Brother,Episode 66,5,66,2025-03-21,https://www.themoviedb.org/tv/114885/season/5/episode/66
LIVE with Kelly and Mark,"Curtis “50 Cent” Jackson, Ron Howard, Jane Krakowski, and Crowded House",37,144,2025-03-21,https://www.themoviedb.org/tv/1900/season/37/episode/144
الدم المشروك,Episode 20,1,20,2025-03-21,https://www.themoviedb.org/tv/284985/season/1/episode/20
"Nuevo Rico, Nuevo Pobre",Episode 30,1,30,2025-03-21,https://www.themoviedb.org/tv/283917/season/1/episode/30
كوكب فجعان,Episode 21,1,21,2025-03-21,https://www.themoviedb.org/tv/285484/season/1/episode/21
هكذا قصص القرآن,Episode 21,1,21,2025-03-21,https://www.themoviedb.org/tv/285482/season/1/episode/21
Wagle Ki Duniya,Episode 1241,1,1241,2025-03-21,https://www.themoviedb.org/tv/119316/season/1/episode/1241
She's the One,Episode 119,1,119,2025-03-22,https://www.themoviedb.org/tv/257048/season/1/episode/119
Volta por Cima,Episode 150,1,150,2025-03-22,https://www.themoviedb.org/tv/257064/season/1/episode/150
Al Maddah,Episode 24,5,24,2025-03-22,https://www.themoviedb.org/tv/122543/season/5/episode/24
Seen,Episode 22,3,22,2025-03-22,https://www.themoviedb.org/tv/123335/season/3/episode/22
Sweet Sour,Episode 22,6,22,2025-03-22,https://www.themoviedb.org/tv/93604/season/6/episode/22
And You Meet A Lover,Episode 22,1,22,2025-03-22,https://www.themoviedb.org/tv/260755/season/1/episode/22
Hakim Pasha,Episode 22,1,22,2025-03-22,https://www.themoviedb.org/tv/260608/season/1/episode/22
My Heart Relieved,Episode 22,8,22,2025-03-22,https://www.themoviedb.org/tv/101604/season/8/episode/22
Crazy About You,Episode 168,1,168,2025-03-22,https://www.themoviedb.org/tv/237478/season/1/episode/168
La Casa de los Famosos Colombia,Programa 56,2,56,2025-03-22,https://www.themoviedb.org/tv/240909/season/2/episode/56
Bound at First Sight,Episode 35,1,35,2025-03-22,https://www.themoviedb.org/tv/231228/season/1/episode/35
Bound at First Sight,Episode 36,1,36,2025-03-22,https://www.themoviedb.org/tv/231228/season/1/episode/36
Child Treatment Certificate,Episode 22,1,22,2025-03-22,https://www.themoviedb.org/tv/276514/season/1/episode/22
The Porters,Episode 23,2,23,2025-03-22,https://www.themoviedb.org/tv/244644/season/2/episode/23
Under The Seventh Earth,Episode 23,1,23,2025-03-22,https://www.themoviedb.org/tv/281420/season/1/episode/23
In Blood,Episode 22,1,22,2025-03-22,https://www.themoviedb.org/tv/282561/season/1/episode/22
Centipede,Episode 23,1,23,2025-03-22,https://www.themoviedb.org/tv/282579/season/1/episode/23
Rahma,Episode 21,1,21,2025-03-22,https://www.themoviedb.org/tv/283602/season/1/episode/21
The Hero,Episode 23,1,23,2025-03-22,https://www.themoviedb.org/tv/283982/season/1/episode/23
Moawiya,Episode 22,1,22,2025-03-22,https://www.themoviedb.org/tv/284483/season/1/episode/22
Ramez Elon Masr,Episode 22,1,22,2025-03-22,https://www.themoviedb.org/tv/284659/season/1/episode/22
The day I meet you,Episode 21,1,21,2025-03-22,https://www.themoviedb.org/tv/284984/season/1/episode/21
مدفع رمضان,Episode 22,1,22,2025-03-22,https://www.themoviedb.org/tv/285041/season/1/episode/22
Esh Esh,Episode 23,1,23,2025-03-22,https://www.themoviedb.org/tv/260605/season/1/episode/23
Al Sabe,Episode 22,1,22,2025-03-22,https://www.themoviedb.org/tv/284424/season/1/episode/22
كوكب فجعان,Episode 22,1,22,2025-03-22,https://www.themoviedb.org/tv/285484/season/1/episode/22
هكذا قصص القرآن,Episode 22,1,22,2025-03-22,https://www.themoviedb.org/tv/285482/season/1/episode/22
Wagle Ki Duniya,Episode 1242,1,1242,2025-03-22,https://www.themoviedb.org/tv/119316/season/1/episode/1242
Al Maddah,Episode 25,5,25,2025-03-23,https://www.themoviedb.org/tv/122543/season/5/episode/25
Seen,Episode 23,3,23,2025-03-23,https://www.themoviedb.org/tv/123335/season/3/episode/23
Sweet Sour,Episode 23,6,23,2025-03-23,https://www.themoviedb.org/tv/93604/season/6/episode/23
And You Meet A Lover,Episode 23,1,23,2025-03-23,https://www.themoviedb.org/tv/260755/season/1/episode/23
Hakim Pasha,Episode 23,1,23,2025-03-23,https://www.themoviedb.org/tv/260608/season/1/episode/23
My Heart Relieved,Episode 23,8,23,2025-03-23,https://www.themoviedb.org/tv/101604/season/8/episode/23
La Casa de los Famosos Colombia,Programa 57,2,57,2025-03-23,https://www.themoviedb.org/tv/240909/season/2/episode/57
La promesa,Episode 67,4,67,2025-03-23,https://www.themoviedb.org/tv/212907/season/4/episode/67
La promesa,Episode 68,4,68,2025-03-23,https://www.themoviedb.org/tv/212907/season/4/episode/68
Child Treatment Certificate,Episode 23,1,23,2025-03-23,https://www.themoviedb.org/tv/276514/season/1/episode/23
La Casa de los Famosos,Programa 41,5,41,2025-03-23,https://www.themoviedb.org/tv/137228/season/5/episode/41
The Porters,Episode 24,2,24,2025-03-23,https://www.themoviedb.org/tv/244644/season/2/episode/24
Under The Seventh Earth,Episode 24,1,24,2025-03-23,https://www.themoviedb.org/tv/281420/season/1/episode/24
In Blood,Episode 23,1,23,2025-03-23,https://www.themoviedb.org/tv/282561/season/1/episode/23
Centipede,Episode 24,1,24,2025-03-23,https://www.themoviedb.org/tv/282579/season/1/episode/24
Rahma,Episode 22,1,22,2025-03-23,https://www.themoviedb.org/tv/283602/season/1/episode/22
The Hero,Episode 24,1,24,2025-03-23,https://www.themoviedb.org/tv/283982/season/1/episode/24
Moawiya,Episode 23,1,23,2025-03-23,https://www.themoviedb.org/tv/284483/season/1/episode/23
Ramez Elon Masr,Episode 23,1,23,2025-03-23,https://www.themoviedb.org/tv/284659/season/1/episode/23
The day I meet you,Episode 22,1,22,2025-03-23,https://www.themoviedb.org/tv/284984/season/1/episode/22
مدفع رمضان,Episode 23,1,23,2025-03-23,https://www.themoviedb.org/tv/285041/season/1/episode/23
Esh Esh,Episode 24,1,24,2025-03-23,https://www.themoviedb.org/tv/260605/season/1/episode/24
Al Sabe,Episode 23,1,23,2025-03-23,https://www.themoviedb.org/tv/284424/season/1/episode/23
Big Brother Célébrités,Episode 61,5,61,2025-03-23,https://www.themoviedb.org/tv/113207/season/5/episode/61
Big Brother Célébrités,Episode 62,5,62,2025-03-23,https://www.themoviedb.org/tv/113207/season/5/episode/62
Star Académie,Episode 50,3,50,2025-03-23,https://www.themoviedb.org/tv/115107/season/3/episode/50
كوكب فجعان,Episode 23,1,23,2025-03-23,https://www.themoviedb.org/tv/285484/season/1/episode/23
هكذا قصص القرآن,Episode 23,1,23,2025-03-23,https://www.themoviedb.org/tv/285482/season/1/episode/23
She's the One,Episode 120,1,120,2025-03-24,https://www.themoviedb.org/tv/257048/season/1/episode/120
Volta por Cima,Episode 151,1,151,2025-03-24,https://www.themoviedb.org/tv/257064/season/1/episode/151
Al Maddah,Episode 26,5,26,2025-03-24,https://www.themoviedb.org/tv/122543/season/5/episode/26
Seen,Episode 24,3,24,2025-03-24,https://www.themoviedb.org/tv/123335/season/3/episode/24
Sweet Sour,Episode 24,6,24,2025-03-24,https://www.themoviedb.org/tv/93604/season/6/episode/24
And You Meet A Lover,Episode 24,1,24,2025-03-24,https://www.themoviedb.org/tv/260755/season/1/episode/24
Die Landarztpraxis,Episode 58,3,58,2025-03-24,https://www.themoviedb.org/tv/234337/season/3/episode/58
Omusubi,Episode 121,1,121,2025-03-24,https://www.themoviedb.org/tv/261791/season/1/episode/121
Suidooster,Episode 255,10,255,2025-03-24,https://www.themoviedb.org/tv/235484/season/10/episode/255
De Bondgenoten,Episode 111,2,111,2025-03-24,https://www.themoviedb.org/tv/235493/season/2/episode/111
Hakim Pasha,Episode 24,1,24,2025-03-24,https://www.themoviedb.org/tv/260608/season/1/episode/24
Ulice,Episode 149,20,149,2025-03-24,https://www.themoviedb.org/tv/36361/season/20/episode/149
Binnelanders,Episode 211,20,211,2025-03-24,https://www.themoviedb.org/tv/206559/season/20/episode/211
All Against All,Episode 29,12,29,2025-03-24,https://www.themoviedb.org/tv/87362/season/12/episode/29
MasterChef Greece,Episode 45,11,45,2025-03-24,https://www.themoviedb.org/tv/37757/season/11/episode/45
My Heart Relieved,Episode 24,8,24,2025-03-24,https://www.themoviedb.org/tv/101604/season/8/episode/24
Sherri,"Jeannie Mai, Bob the Drag Queen",3,115,2025-03-24,https://www.themoviedb.org/tv/210081/season/3/episode/115
Crazy About You,Episode 169,1,169,2025-03-24,https://www.themoviedb.org/tv/237478/season/1/episode/169
Dreams of Liberty,Episode 272,1,272,2025-03-24,https://www.themoviedb.org/tv/239526/season/1/episode/272
La promesa,Episode 69,4,69,2025-03-24,https://www.themoviedb.org/tv/212907/season/4/episode/69
"Plus belle la vie, encore plus belle",Episode 56,2,56,2025-03-24,https://www.themoviedb.org/tv/243117/season/2/episode/56
Child Treatment Certificate,Episode 24,1,24,2025-03-24,https://www.themoviedb.org/tv/276514/season/1/episode/24
The Porters,Episode 25,2,25,2025-03-24,https://www.themoviedb.org/tv/244644/season/2/episode/25
Tomorrow Is Ours,Episode 1906,1,1906,2025-03-24,https://www.themoviedb.org/tv/72879/season/1/episode/1906
Incognito,Episode 46,1,46,2025-03-24,https://www.themoviedb.org/tv/278428/season/1/episode/46
Big Brother,Day Highlights 20,15,21,2025-03-24,https://www.themoviedb.org/tv/21926/season/15/episode/21
Hallo Kroket!,Episode 56,1,56,2025-03-24,https://www.themoviedb.org/tv/279257/season/1/episode/56
Sľub,Episode 51,1,51,2025-03-24,https://www.themoviedb.org/tv/279914/season/1/episode/51
Pokoli rokonok,Episode 58,1,58,2025-03-24,https://www.themoviedb.org/tv/280829/season/1/episode/58
Ici tout commence,Episode 1138,1,1138,2025-03-24,https://www.themoviedb.org/tv/112470/season/1/episode/1138
Kelders van Geheime,Episode 231,1,231,2025-03-24,https://www.themoviedb.org/tv/249010/season/1/episode/231
Under The Seventh Earth,Episode 25,1,25,2025-03-24,https://www.themoviedb.org/tv/281420/season/1/episode/25
In Blood,Episode 24,1,24,2025-03-24,https://www.themoviedb.org/tv/282561/season/1/episode/24
Centipede,Episode 25,1,25,2025-03-24,https://www.themoviedb.org/tv/282579/season/1/episode/25
Rahma,Episode 23,1,23,2025-03-24,https://www.themoviedb.org/tv/283602/season/1/episode/23
The Hero,Episode 25,1,25,2025-03-24,https://www.themoviedb.org/tv/283982/season/1/episode/25
Moawiya,Episode 24,1,24,2025-03-24,https://www.themoviedb.org/tv/284483/season/1/episode/24
Ramez Elon Masr,Episode 24,1,24,2025-03-24,https://www.themoviedb.org/tv/284659/season/1/episode/24
The day I meet you,Episode 23,1,23,2025-03-24,https://www.themoviedb.org/tv/284984/season/1/episode/23
مدفع رمضان,Episode 24,1,24,2025-03-24,https://www.themoviedb.org/tv/285041/season/1/episode/24
La Jefa,Episode 24,1,24,2025-03-24,https://www.themoviedb.org/tv/284219/season/1/episode/24
Chronicles of the Sun,Episode 54,7,54,2025-03-24,https://www.themoviedb.org/tv/81329/season/7/episode/54
The First Years,Episode 106,13,106,2025-03-24,https://www.themoviedb.org/tv/82708/season/13/episode/106
Esh Esh,Episode 25,1,25,2025-03-24,https://www.themoviedb.org/tv/260605/season/1/episode/25
Al Sabe,Episode 24,1,24,2025-03-24,https://www.themoviedb.org/tv/284424/season/1/episode/24
Jeopardy!,Episode 141,41,141,2025-03-24,https://www.themoviedb.org/tv/2912/season/41/episode/141
Diepe Waters,Episode 101,3,101,2025-03-24,https://www.themoviedb.org/tv/231962/season/3/episode/101
Na Wspólnej,Episode 108,24,108,2025-03-24,https://www.themoviedb.org/tv/14750/season/24/episode/108
Vandaag Inside,Episode 46,8,46,2025-03-24,https://www.themoviedb.org/tv/154828/season/8/episode/46
The Arena with Kasie Hunt,Episode 41,1,41,2025-03-24,https://www.themoviedb.org/tv/283709/season/1/episode/41
Big Brother Célébrités,Episode 63,5,63,2025-03-24,https://www.themoviedb.org/tv/113207/season/5/episode/63
Star Académie,Episode 51,3,51,2025-03-24,https://www.themoviedb.org/tv/115107/season/3/episode/51
Big Brother,Episode 67,5,67,2025-03-24,https://www.themoviedb.org/tv/114885/season/5/episode/67
كوكب فجعان,Episode 24,1,24,2025-03-24,https://www.themoviedb.org/tv/285484/season/1/episode/24
هكذا قصص القرآن,Episode 24,1,24,2025-03-24,https://www.themoviedb.org/tv/285482/season/1/episode/24
Dahoam is Dahoam,Episode 193,21,193,2025-03-24,https://www.themoviedb.org/tv/40879/season/21/episode/193
Milo,Episode 117,2,117,2025-03-24,https://www.themoviedb.org/tv/228272/season/2/episode/117
She's the One,Episode 121,1,121,2025-03-25,https://www.themoviedb.org/tv/257048/season/1/episode/121
Volta por Cima,Episode 152,1,152,2025-03-25,https://www.themoviedb.org/tv/257064/season/1/episode/152
Al Maddah,Episode 27,5,27,2025-03-25,https://www.themoviedb.org/tv/122543/season/5/episode/27
Seen,Episode 25,3,25,2025-03-25,https://www.themoviedb.org/tv/123335/season/3/episode/25
Sweet Sour,Episode 25,6,25,2025-03-25,https://www.themoviedb.org/tv/93604/season/6/episode/25
And You Meet A Lover,Episode 25,1,25,2025-03-25,https://www.themoviedb.org/tv/260755/season/1/episode/25
Die Landarztpraxis,Episode 59,3,59,2025-03-25,https://www.themoviedb.org/tv/234337/season/3/episode/59
Omusubi,Episode 122,1,122,2025-03-25,https://www.themoviedb.org/tv/261791/season/1/episode/122
Suidooster,Episode 256,10,256,2025-03-25,https://www.themoviedb.org/tv/235484/season/10/episode/256
De Bondgenoten,Episode 112,2,112,2025-03-25,https://www.themoviedb.org/tv/235493/season/2/episode/112
Hakim Pasha,Episode 25,1,25,2025-03-25,https://www.themoviedb.org/tv/260608/season/1/episode/25
Ulice,Episode 150,20,150,2025-03-25,https://www.themoviedb.org/tv/36361/season/20/episode/150
Binnelanders,Episode 212,20,212,2025-03-25,https://www.themoviedb.org/tv/206559/season/20/episode/212
All Against All,Episode 30,12,30,2025-03-25,https://www.themoviedb.org/tv/87362/season/12/episode/30
MasterChef Greece,Episode 46,11,46,2025-03-25,https://www.themoviedb.org/tv/37757/season/11/episode/46
My Heart Relieved,Episode 25,8,25,2025-03-25,https://www.themoviedb.org/tv/101604/season/8/episode/25
Sherri,"Kimberly Williams-Paisley, Michael Yo",3,116,2025-03-25,https://www.themoviedb.org/tv/210081/season/3/episode/116
Crazy About You,Episode 170,1,170,2025-03-25,https://www.themoviedb.org/tv/237478/season/1/episode/170
Dreams of Liberty,Episode 273,1,273,2025-03-25,https://www.themoviedb.org/tv/239526/season/1/episode/273
"Plus belle la vie, encore plus belle",Episode 57,2,57,2025-03-25,https://www.themoviedb.org/tv/243117/season/2/episode/57
Child Treatment Certificate,Episode 25,1,25,2025-03-25,https://www.themoviedb.org/tv/276514/season/1/episode/25
The Porters,Episode 26,2,26,2025-03-25,https://www.themoviedb.org/tv/244644/season/2/episode/26
Tomorrow Is Ours,Episode 1907,1,1907,2025-03-25,https://www.themoviedb.org/tv/72879/season/1/episode/1907
Incognito,Episode 47,1,47,2025-03-25,https://www.themoviedb.org/tv/278428/season/1/episode/47
Big Brother,Day Highlights 21,15,22,2025-03-25,https://www.themoviedb.org/tv/21926/season/15/episode/22
Hallo Kroket!,Episode 57,1,57,2025-03-25,https://www.themoviedb.org/tv/279257/season/1/episode/57
Sľub,Episode 52,1,52,2025-03-25,https://www.themoviedb.org/tv/279914/season/1/episode/52
Pokoli rokonok,Episode 59,1,59,2025-03-25,https://www.themoviedb.org/tv/280829/season/1/episode/59
Ici tout commence,Episode 1139,1,1139,2025-03-25,https://www.themoviedb.org/tv/112470/season/1/episode/1139
Kelders van Geheime,Episode 232,1,232,2025-03-25,https://www.themoviedb.org/tv/249010/season/1/episode/232
In Blood,Episode 25,1,25,2025-03-25,https://www.themoviedb.org/tv/282561/season/1/episode/25
Centipede,Episode 26,1,26,2025-03-25,https://www.themoviedb.org/tv/282579/season/1/episode/26
Rahma,Episode 24,1,24,2025-03-25,https://www.themoviedb.org/tv/283602/season/1/episode/24
The Hero,Episode 26,1,26,2025-03-25,https://www.themoviedb.org/tv/283982/season/1/episode/26
Moawiya,Episode 25,1,25,2025-03-25,https://www.themoviedb.org/tv/284483/season/1/episode/25
Ramez Elon Masr,Episode 25,1,25,2025-03-25,https://www.themoviedb.org/tv/284659/season/1/episode/25
The day I meet you,Episode 24,1,24,2025-03-25,https://www.themoviedb.org/tv/284984/season/1/episode/24
مدفع رمضان,Episode 25,1,25,2025-03-25,https://www.themoviedb.org/tv/285041/season/1/episode/25
La Jefa,Episode 25,1,25,2025-03-25,https://www.themoviedb.org/tv/284219/season/1/episode/25
Chronicles of the Sun,Episode 55,7,55,2025-03-25,https://www.themoviedb.org/tv/81329/season/7/episode/55
The First Years,Episode 107,13,107,2025-03-25,https://www.themoviedb.org/tv/82708/season/13/episode/107
Esh Esh,Episode 26,1,26,2025-03-25,https://www.themoviedb.org/tv/260605/season/1/episode/26
Jeopardy!,Episode 142,41,142,2025-03-25,https://www.themoviedb.org/tv/2912/season/41/episode/142
Diepe Waters,Episode 102,3,102,2025-03-25,https://www.themoviedb.org/tv/231962/season/3/episode/102
Na Wspólnej,Episode 109,24,109,2025-03-25,https://www.themoviedb.org/tv/14750/season/24/episode/109
Vandaag Inside,Episode 47,8,47,2025-03-25,https://www.themoviedb.org/tv/154828/season/8/episode/47
The Arena with Kasie Hunt,Episode 42,1,42,2025-03-25,https://www.themoviedb.org/tv/283709/season/1/episode/42
Big Brother Célébrités,Episode 64,5,64,2025-03-25,https://www.themoviedb.org/tv/113207/season/5/episode/64
Star Académie,Episode 52,3,52,2025-03-25,https://www.themoviedb.org/tv/115107/season/3/episode/52
Big Brother,Episode 68,5,68,2025-03-25,https://www.themoviedb.org/tv/114885/season/5/episode/68
كوكب فجعان,Episode 25,1,25,2025-03-25,https://www.themoviedb.org/tv/285484/season/1/episode/25
هكذا قصص القرآن,Episode 25,1,25,2025-03-25,https://www.themoviedb.org/tv/285482/season/1/episode/25
Dahoam is Dahoam,Episode 194,21,194,2025-03-25,https://www.themoviedb.org/tv/40879/season/21/episode/194
Markus Lanz,Episode 35,18,35,2025-03-25,https://www.themoviedb.org/tv/23915/season/18/episode/35
Milo,Episode 118,2,118,2025-03-25,https://www.themoviedb.org/tv/228272/season/2/episode/118
She's the One,Episode 122,1,122,2025-03-26,https://www.themoviedb.org/tv/257048/season/1/episode/122
Volta por Cima,Episode 153,1,153,2025-03-26,https://www.themoviedb.org/tv/257064/season/1/episode/153
Al Maddah,Episode 28,5,28,2025-03-26,https://www.themoviedb.org/tv/122543/season/5/episode/28
Seen,Episode 26,3,26,2025-03-26,https://www.themoviedb.org/tv/123335/season/3/episode/26
Sweet Sour,Episode 26,6,26,2025-03-26,https://www.themoviedb.org/tv/93604/season/6/episode/26
And You Meet A Lover,Episode 26,1,26,2025-03-26,https://www.themoviedb.org/tv/260755/season/1/episode/26
Die Landarztpraxis,Episode 60,3,60,2025-03-26,https://www.themoviedb.org/tv/234337/season/3/episode/60
Omusubi,Episode 123,1,123,2025-03-26,https://www.themoviedb.org/tv/261791/season/1/episode/123
Suidooster,Episode 257,10,257,2025-03-26,https://www.themoviedb.org/tv/235484/season/10/episode/257
De Bondgenoten,Episode 113,2,113,2025-03-26,https://www.themoviedb.org/tv/235493/season/2/episode/113
Hakim Pasha,Episode 26,1,26,2025-03-26,https://www.themoviedb.org/tv/260608/season/1/episode/26
Binnelanders,Episode 213,20,213,2025-03-26,https://www.themoviedb.org/tv/206559/season/20/episode/213
All Against All,Episode 31,12,31,2025-03-26,https://www.themoviedb.org/tv/87362/season/12/episode/31
MasterChef Greece,Episode 47,11,47,2025-03-26,https://www.themoviedb.org/tv/37757/season/11/episode/47
My Heart Relieved,Episode 26,8,26,2025-03-26,https://www.themoviedb.org/tv/101604/season/8/episode/26
Sherri,"Tamar Braxton, Evelyn Braxton",3,117,2025-03-26,https://www.themoviedb.org/tv/210081/season/3/episode/117
Crazy About You,Episode 171,1,171,2025-03-26,https://www.themoviedb.org/tv/237478/season/1/episode/171
Dreams of Liberty,Episode 274,1,274,2025-03-26,https://www.themoviedb.org/tv/239526/season/1/episode/274
"Plus belle la vie, encore plus belle",Episode 58,2,58,2025-03-26,https://www.themoviedb.org/tv/243117/season/2/episode/58
Child Treatment Certificate,Episode 26,1,26,2025-03-26,https://www.themoviedb.org/tv/276514/season/1/episode/26
The Porters,Episode 27,2,27,2025-03-26,https://www.themoviedb.org/tv/244644/season/2/episode/27
Tomorrow Is Ours,Episode 1908,1,1908,2025-03-26,https://www.themoviedb.org/tv/72879/season/1/episode/1908
Incognito,Episode 48,1,48,2025-03-26,https://www.themoviedb.org/tv/278428/season/1/episode/48
Big Brother,Day Highlights 22,15,23,2025-03-26,https://www.themoviedb.org/tv/21926/season/15/episode/23
Hallo Kroket!,Episode 58,1,58,2025-03-26,https://www.themoviedb.org/tv/279257/season/1/episode/58
Sľub,Episode 53,1,53,2025-03-26,https://www.themoviedb.org/tv/279914/season/1/episode/53
Pokoli rokonok,Episode 60,1,60,2025-03-26,https://www.themoviedb.org/tv/280829/season/1/episode/60
Ici tout commence,Episode 1140,1,1140,2025-03-26,https://www.themoviedb.org/tv/112470/season/1/episode/1140
Kelders van Geheime,Episode 233,1,233,2025-03-26,https://www.themoviedb.org/tv/249010/season/1/episode/233
In Blood,Episode 26,1,26,2025-03-26,https://www.themoviedb.org/tv/282561/season/1/episode/26
Centipede,Episode 27,1,27,2025-03-26,https://www.themoviedb.org/tv/282579/season/1/episode/27
Rahma,Episode 25,1,25,2025-03-26,https://www.themoviedb.org/tv/283602/season/1/episode/25
The Hero,Episode 27,1,27,2025-03-26,https://www.themoviedb.org/tv/283982/season/1/episode/27
Moawiya,Episode 26,1,26,2025-03-26,https://www.themoviedb.org/tv/284483/season/1/episode/26
Ramez Elon Masr,Episode 26,1,26,2025-03-26,https://www.themoviedb.org/tv/284659/season/1/episode/26
The day I meet you,Episode 25,1,25,2025-03-26,https://www.themoviedb.org/tv/284984/season/1/episode/25
مدفع رمضان,Episode 26,1,26,2025-03-26,https://www.themoviedb.org/tv/285041/season/1/episode/26
Chronicles of the Sun,Episode 56,7,56,2025-03-26,https://www.themoviedb.org/tv/81329/season/7/episode/56
The First Years,Episode 108,13,108,2025-03-26,https://www.themoviedb.org/tv/82708/season/13/episode/108
Esh Esh,Episode 27,1,27,2025-03-26,https://www.themoviedb.org/tv/260605/season/1/episode/27
Jeopardy!,Episode 143,41,143,2025-03-26,https://www.themoviedb.org/tv/2912/season/41/episode/143
Diepe Waters,Episode 103,3,103,2025-03-26,https://www.themoviedb.org/tv/231962/season/3/episode/103
Na Wspólnej,Episode 110,24,110,2025-03-26,https://www.themoviedb.org/tv/14750/season/24/episode/110
Vandaag Inside,Episode 48,8,48,2025-03-26,https://www.themoviedb.org/tv/154828/season/8/episode/48
The Arena with Kasie Hunt,Episode 43,1,43,2025-03-26,https://www.themoviedb.org/tv/283709/season/1/episode/43
Big Brother Célébrités,Episode 65,5,65,2025-03-26,https://www.themoviedb.org/tv/113207/season/5/episode/65
Star Académie,Episode 53,3,53,2025-03-26,https://www.themoviedb.org/tv/115107/season/3/episode/53
Big Brother,Episode 69,5,69,2025-03-26,https://www.themoviedb.org/tv/114885/season/5/episode/69
كوكب فجعان,Episode 26,1,26,2025-03-26,https://www.themoviedb.org/tv/285484/season/1/episode/26
هكذا قصص القرآن,Episode 26,1,26,2025-03-26,https://www.themoviedb.org/tv/285482/season/1/episode/26
Dahoam is Dahoam,Episode 195,21,195,2025-03-26,https://www.themoviedb.org/tv/40879/season/21/episode/195
Markus Lanz,Episode 36,18,36,2025-03-26,https://www.themoviedb.org/tv/23915/season/18/episode/36
Milo,Episode 119,2,119,2025-03-26,https://www.themoviedb.org/tv/228272/season/2/episode/119
She's the One,Episode 123,1,123,2025-03-27,https://www.themoviedb.org/tv/257048/season/1/episode/123
Volta por Cima,Episode 154,1,154,2025-03-27,https://www.themoviedb.org/tv/257064/season/1/episode/154
Al Maddah,Episode 29,5,29,2025-03-27,https://www.themoviedb.org/tv/122543/season/5/episode/29
Seen,Episode 27,3,27,2025-03-27,https://www.themoviedb.org/tv/123335/season/3/episode/27
Sweet Sour,Episode 27,6,27,2025-03-27,https://www.themoviedb.org/tv/93604/season/6/episode/27
And You Meet A Lover,Episode 27,1,27,2025-03-27,https://www.themoviedb.org/tv/260755/season/1/episode/27
Die Landarztpraxis,Episode 61,3,61,2025-03-27,https://www.themoviedb.org/tv/234337/season/3/episode/61
Omusubi,Episode 124,1,124,2025-03-27,https://www.themoviedb.org/tv/261791/season/1/episode/124
Suidooster,Episode 258,10,258,2025-03-27,https://www.themoviedb.org/tv/235484/season/10/episode/258
De Bondgenoten,Episode 114,2,114,2025-03-27,https://www.themoviedb.org/tv/235493/season/2/episode/114
Hakim Pasha,Episode 27,1,27,2025-03-27,https://www.themoviedb.org/tv/260608/season/1/episode/27
Binnelanders,Episode 214,20,214,2025-03-27,https://www.themoviedb.org/tv/206559/season/20/episode/214
All Against All,Episode 32,12,32,2025-03-27,https://www.themoviedb.org/tv/87362/season/12/episode/32
My Heart Relieved,Episode 27,8,27,2025-03-27,https://www.themoviedb.org/tv/101604/season/8/episode/27
Sherri,"Elisabeth Hasselbeck, Kate the Chemist, Bone Hampton",3,118,2025-03-27,https://www.themoviedb.org/tv/210081/season/3/episode/118
Crazy About You,Episode 172,1,172,2025-03-27,https://www.themoviedb.org/tv/237478/season/1/episode/172
Dreams of Liberty,Episode 275,1,275,2025-03-27,https://www.themoviedb.org/tv/239526/season/1/episode/275
"Plus belle la vie, encore plus belle",Episode 59,2,59,2025-03-27,https://www.themoviedb.org/tv/243117/season/2/episode/59
Child Treatment Certificate,Episode 27,1,27,2025-03-27,https://www.themoviedb.org/tv/276514/season/1/episode/27
The Porters,Episode 28,2,28,2025-03-27,https://www.themoviedb.org/tv/244644/season/2/episode/28
Tomorrow Is Ours,Episode 1909,1,1909,2025-03-27,https://www.themoviedb.org/tv/72879/season/1/episode/1909
Incognito,Episode 49,1,49,2025-03-27,https://www.themoviedb.org/tv/278428/season/1/episode/49
Big Brother,Day Highlights 23,15,24,2025-03-27,https://www.themoviedb.org/tv/21926/season/15/episode/24
Hallo Kroket!,Episode 59,1,59,2025-03-27,https://www.themoviedb.org/tv/279257/season/1/episode/59
Sľub,Episode 54,1,54,2025-03-27,https://www.themoviedb.org/tv/279914/season/1/episode/54
Pokoli rokonok,Episode 61,1,61,2025-03-27,https://www.themoviedb.org/tv/280829/season/1/episode/61
Ici tout commence,Episode 1141,1,1141,2025-03-27,https://www.themoviedb.org/tv/112470/season/1/episode/1141
Kelders van Geheime,Episode 234,1,234,2025-03-27,https://www.themoviedb.org/tv/249010/season/1/episode/234
In Blood,Episode 27,1,27,2025-03-27,https://www.themoviedb.org/tv/282561/season/1/episode/27
Centipede,Episode 28,1,28,2025-03-27,https://www.themoviedb.org/tv/282579/season/1/episode/28
Rahma,Episode 26,1,26,2025-03-27,https://www.themoviedb.org/tv/283602/season/1/episode/26
The Hero,Episode 28,1,28,2025-03-27,https://www.themoviedb.org/tv/283982/season/1/episode/28
Moawiya,Episode 27,1,27,2025-03-27,https://www.themoviedb.org/tv/284483/season/1/episode/27
Ramez Elon Masr,Episode 27,1,27,2025-03-27,https://www.themoviedb.org/tv/284659/season/1/episode/27
The day I meet you,Episode 26,1,26,2025-03-27,https://www.themoviedb.org/tv/284984/season/1/episode/26
مدفع رمضان,Episode 27,1,27,2025-03-27,https://www.themoviedb.org/tv/285041/season/1/episode/27
Chronicles of the Sun,Episode 57,7,57,2025-03-27,https://www.themoviedb.org/tv/81329/season/7/episode/57
The First Years,Episode 109,13,109,2025-03-27,https://www.themoviedb.org/tv/82708/season/13/episode/109
Esh Esh,Episode 28,1,28,2025-03-27,https://www.themoviedb.org/tv/260605/season/1/episode/28
Jeopardy!,Episode 144,41,144,2025-03-27,https://www.themoviedb.org/tv/2912/season/41/episode/144
Diepe Waters,Episode 104,3,104,2025-03-27,https://www.themoviedb.org/tv/231962/season/3/episode/104
Na Wspólnej,Episode 111,24,111,2025-03-27,https://www.themoviedb.org/tv/14750/season/24/episode/111
Vandaag Inside,Episode 49,8,49,2025-03-27,https://www.themoviedb.org/tv/154828/season/8/episode/49
The Arena with Kasie Hunt,Episode 44,1,44,2025-03-27,https://www.themoviedb.org/tv/283709/season/1/episode/44
Big Brother Célébrités,Episode 66,5,66,2025-03-27,https://www.themoviedb.org/tv/113207/season/5/episode/66
Star Académie,Episode 54,3,54,2025-03-27,https://www.themoviedb.org/tv/115107/season/3/episode/54
Big Brother,Episode 70,5,70,2025-03-27,https://www.themoviedb.org/tv/114885/season/5/episode/70
كوكب فجعان,Episode 27,1,27,2025-03-27,https://www.themoviedb.org/tv/285484/season/1/episode/27
هكذا قصص القرآن,Episode 27,1,27,2025-03-27,https://www.themoviedb.org/tv/285482/season/1/episode/27
Dahoam is Dahoam,Episode 196,21,196,2025-03-27,https://www.themoviedb.org/tv/40879/season/21/episode/196
Markus Lanz,Episode 37,18,37,2025-03-27,https://www.themoviedb.org/tv/23915/season/18/episode/37
Milo,Episode 120,2,120,2025-03-27,https://www.themoviedb.org/tv/228272/season/2/episode/120
She's the One,Episode 124,1,124,2025-03-28,https://www.themoviedb.org/tv/257048/season/1/episode/124
Volta por Cima,Episode 155,1,155,2025-03-28,https://www.themoviedb.org/tv/257064/season/1/episode/155
Seen,Episode 28,3,28,2025-03-28,https://www.themoviedb.org/tv/123335/season/3/episode/28
Sweet Sour,Episode 28,6,28,2025-03-28,https://www.themoviedb.org/tv/93604/season/6/episode/28
And You Meet A Lover,Episode 28,1,28,2025-03-28,https://www.themoviedb.org/tv/260755/season/1/episode/28
Die Landarztpraxis,Episode 62,3,62,2025-03-28,https://www.themoviedb.org/tv/234337/season/3/episode/62
Omusubi,Episode 125,1,125,2025-03-28,https://www.themoviedb.org/tv/261791/season/1/episode/125
Suidooster,Episode 259,10,259,2025-03-28,https://www.themoviedb.org/tv/235484/season/10/episode/259
De Bondgenoten,Episode 115,2,115,2025-03-28,https://www.themoviedb.org/tv/235493/season/2/episode/115
Hakim Pasha,Episode 28,1,28,2025-03-28,https://www.themoviedb.org/tv/260608/season/1/episode/28
Binnelanders,Episode 215,20,215,2025-03-28,https://www.themoviedb.org/tv/206559/season/20/episode/215
My Heart Relieved,Episode 28,8,28,2025-03-28,https://www.themoviedb.org/tv/101604/season/8/episode/28
Crazy About You,Episode 173,1,173,2025-03-28,https://www.themoviedb.org/tv/237478/season/1/episode/173
Dreams of Liberty,Episode 276,1,276,2025-03-28,https://www.themoviedb.org/tv/239526/season/1/episode/276
"Plus belle la vie, encore plus belle",Episode 60,2,60,2025-03-28,https://www.themoviedb.org/tv/243117/season/2/episode/60
Child Treatment Certificate,Episode 28,1,28,2025-03-28,https://www.themoviedb.org/tv/276514/season/1/episode/28
The Porters,Episode 29,2,29,2025-03-28,https://www.themoviedb.org/tv/244644/season/2/episode/29
Tomorrow Is Ours,Episode 1910,1,1910,2025-03-28,https://www.themoviedb.org/tv/72879/season/1/episode/1910
Incognito,Episode 50,1,50,2025-03-28,https://www.themoviedb.org/tv/278428/season/1/episode/50
Big Brother,Day Highlights 24,15,25,2025-03-28,https://www.themoviedb.org/tv/21926/season/15/episode/25
Hallo Kroket!,Episode 60,1,60,2025-03-28,https://www.themoviedb.org/tv/279257/season/1/episode/60
Sľub,Episode 55,1,55,2025-03-28,https://www.themoviedb.org/tv/279914/season/1/episode/55
Ici tout commence,Episode 1142,1,1142,2025-03-28,https://www.themoviedb.org/tv/112470/season/1/episode/1142
Kelders van Geheime,Episode 235,1,235,2025-03-28,https://www.themoviedb.org/tv/249010/season/1/episode/235
In Blood,Episode 28,1,28,2025-03-28,https://www.themoviedb.org/tv/282561/season/1/episode/28
Centipede,Episode 29,1,29,2025-03-28,https://www.themoviedb.org/tv/282579/season/1/episode/29
Rahma,Episode 27,1,27,2025-03-28,https://www.themoviedb.org/tv/283602/season/1/episode/27
The Hero,Episode 29,1,29,2025-03-28,https://www.themoviedb.org/tv/283982/season/1/episode/29
Moawiya,Episode 28,1,28,2025-03-28,https://www.themoviedb.org/tv/284483/season/1/episode/28
Ramez Elon Masr,Episode 28,1,28,2025-03-28,https://www.themoviedb.org/tv/284659/season/1/episode/28
The day I meet you,Episode 27,1,27,2025-03-28,https://www.themoviedb.org/tv/284984/season/1/episode/27
مدفع رمضان,Episode 28,1,28,2025-03-28,https://www.themoviedb.org/tv/285041/season/1/episode/28
Chronicles of the Sun,Episode 58,7,58,2025-03-28,https://www.themoviedb.org/tv/81329/season/7/episode/58
The First Years,Episode 110,13,110,2025-03-28,https://www.themoviedb.org/tv/82708/season/13/episode/110
Esh Esh,Episode 29,1,29,2025-03-28,https://www.themoviedb.org/tv/260605/season/1/episode/29
Jeopardy!,Episode 145,41,145,2025-03-28,https://www.themoviedb.org/tv/2912/season/41/episode/145
Vandaag Inside,Episode 50,8,50,2025-03-28,https://www.themoviedb.org/tv/154828/season/8/episode/50
The Arena with Kasie Hunt,Episode 45,1,45,2025-03-28,https://www.themoviedb.org/tv/283709/season/1/episode/45
Big Brother,Episode 71,5,71,2025-03-28,https://www.themoviedb.org/tv/114885/season/5/episode/71
Big Brother,Episode 72,5,72,2025-03-28,https://www.themoviedb.org/tv/114885/season/5/episode/72
كوكب فجعان,Episode 28,1,28,2025-03-28,https://www.themoviedb.org/tv/285484/season/1/episode/28
هكذا قصص القرآن,Episode 28,1,28,2025-03-28,https://www.themoviedb.org/tv/285482/season/1/episode/28
She's the One,Episode 125,1,125,2025-03-29,https://www.themoviedb.org/tv/257048/season/1/episode/125
Volta por Cima,Episode 156,1,156,2025-03-29,https://www.themoviedb.org/tv/257064/season/1/episode/156
Seen,Episode 29,3,29,2025-03-29,https://www.themoviedb.org/tv/123335/season/3/episode/29
Sweet Sour,Episode 29,6,29,2025-03-29,https://www.themoviedb.org/tv/93604/season/6/episode/29
And You Meet A Lover,Episode 29,1,29,2025-03-29,https://www.themoviedb.org/tv/260755/season/1/episode/29
Hakim Pasha,Episode 29,1,29,2025-03-29,https://www.themoviedb.org/tv/260608/season/1/episode/29
My Heart Relieved,Episode 29,8,29,2025-03-29,https://www.themoviedb.org/tv/101604/season/8/episode/29
Child Treatment Certificate,Episode 29,1,29,2025-03-29,https://www.themoviedb.org/tv/276514/season/1/episode/29
The Porters,Episode 30,2,30,2025-03-29,https://www.themoviedb.org/tv/244644/season/2/episode/30
In Blood,Episode 29,1,29,2025-03-29,https://www.themoviedb.org/tv/282561/season/1/episode/29
Centipede,Episode 30,1,30,2025-03-29,https://www.themoviedb.org/tv/282579/season/1/episode/30
Rahma,Episode 28,1,28,2025-03-29,https://www.themoviedb.org/tv/283602/season/1/episode/28
The Hero,Episode 30,1,30,2025-03-29,https://www.themoviedb.org/tv/283982/season/1/episode/30
Moawiya,Episode 29,1,29,2025-03-29,https://www.themoviedb.org/tv/284483/season/1/episode/29
Ramez Elon Masr,Episode 29,1,29,2025-03-29,https://www.themoviedb.org/tv/284659/season/1/episode/29
The day I meet you,Episode 28,1,28,2025-03-29,https://www.themoviedb.org/tv/284984/season/1/episode/28
مدفع رمضان,Episode 29,1,29,2025-03-29,https://www.themoviedb.org/tv/285041/season/1/episode/29
Esh Esh,Episode 30,1,30,2025-03-29,https://www.themoviedb.org/tv/260605/season/1/episode/30
كوكب فجعان,Episode 29,1,29,2025-03-29,https://www.themoviedb.org/tv/285484/season/1/episode/29
هكذا قصص القرآن,Episode 29,1,29,2025-03-29,https://www.themoviedb.org/tv/285482/season/1/episode/29
Seen,Episode 30,3,30,2025-03-30,https://www.themoviedb.org/tv/123335/season/3/episode/30
Sweet Sour,Episode 30,6,30,2025-03-30,https://www.themoviedb.org/tv/93604/season/6/episode/30
And You Meet A Lover,Episode 30,1,30,2025-03-30,https://www.themoviedb.org/tv/260755/season/1/episode/30
Hakim Pasha,Episode 30,1,30,2025-03-30,https://www.themoviedb.org/tv/260608/season/1/episode/30
My Heart Relieved,Episode 30,8,30,2025-03-30,https://www.themoviedb.org/tv/101604/season/8/episode/30
Child Treatment Certificate,Episode 30,1,30,2025-03-30,https://www.themoviedb.org/tv/276514/season/1/episode/30
In Blood,Episode 30,1,30,2025-03-30,https://www.themoviedb.org/tv/282561/season/1/episode/30
Rahma,Episode 29,1,29,2025-03-30,https://www.themoviedb.org/tv/283602/season/1/episode/29
Moawiya,Episode 30,1,30,2025-03-30,https://www.themoviedb.org/tv/284483/season/1/episode/30
Ramez Elon Masr,Episode 30,1,30,2025-03-30,https://www.themoviedb.org/tv/284659/season/1/episode/30
The day I meet you,Episode 29,1,29,2025-03-30,https://www.themoviedb.org/tv/284984/season/1/episode/29
مدفع رمضان,Episode 30,1,30,2025-03-30,https://www.themoviedb.org/tv/285041/season/1/episode/30
Big Brother Célébrités,Episode 67,5,67,2025-03-30,https://www.themoviedb.org/tv/113207/season/5/episode/67
Big Brother Célébrités,Episode 68,5,68,2025-03-30,https://www.themoviedb.org/tv/113207/season/5/episode/68
Star Académie,Episode 55,3,55,2025-03-30,https://www.themoviedb.org/tv/115107/season/3/episode/55
كوكب فجعان,Episode 30,1,30,2025-03-30,https://www.themoviedb.org/tv/285484/season/1/episode/30
هكذا قصص القرآن,Episode 30,1,30,2025-03-30,https://www.themoviedb.org/tv/285482/season/1/episode/30
Suidooster,Episode 260,10,260,2025-03-31,https://www.themoviedb.org/tv/235484/season/10/episode/260
De Bondgenoten,Episode 116,2,116,2025-03-31,https://www.themoviedb.org/tv/235493/season/2/episode/116
Binnelanders,Episode 216,20,216,2025-03-31,https://www.themoviedb.org/tv/206559/season/20/episode/216
"Plus belle la vie, encore plus belle",Episode 61,2,61,2025-03-31,https://www.themoviedb.org/tv/243117/season/2/episode/61
Tomorrow Is Ours,Episode 1911,1,1911,2025-03-31,https://www.themoviedb.org/tv/72879/season/1/episode/1911
Big Brother,Day Highlights 25,15,26,2025-03-31,https://www.themoviedb.org/tv/21926/season/15/episode/26
Hallo Kroket!,Episode 61,1,61,2025-03-31,https://www.themoviedb.org/tv/279257/season/1/episode/61
Sľub,Episode 56,1,56,2025-03-31,https://www.themoviedb.org/tv/279914/season/1/episode/56
Ici tout commence,Episode 1143,1,1143,2025-03-31,https://www.themoviedb.org/tv/112470/season/1/episode/1143
Kelders van Geheime,Episode 236,1,236,2025-03-31,https://www.themoviedb.org/tv/249010/season/1/episode/236
Rahma,Episode 30,1,30,2025-03-31,https://www.themoviedb.org/tv/283602/season/1/episode/30
The day I meet you,Episode 30,1,30,2025-03-31,https://www.themoviedb.org/tv/284984/season/1/episode/30
Chronicles of the Sun,Episode 59,7,59,2025-03-31,https://www.themoviedb.org/tv/81329/season/7/episode/59
Diepe Waters,Episode 105,3,105,2025-03-31,https://www.themoviedb.org/tv/231962/season/3/episode/105
Vandaag Inside,Episode 51,8,51,2025-03-31,https://www.themoviedb.org/tv/154828/season/8/episode/51
The Arena with Kasie Hunt,Episode 46,1,46,2025-03-31,https://www.themoviedb.org/tv/283709/season/1/episode/46
Big Brother Célébrités,Episode 69,5,69,2025-03-31,https://www.themoviedb.org/tv/113207/season/5/episode/69
Star Académie,Episode 56,3,56,2025-03-31,https://www.themoviedb.org/tv/115107/season/3/episode/56
Big Brother,Episode 73,5,73,2025-03-31,https://www.themoviedb.org/tv/114885/season/5/episode/73
Dahoam is Dahoam,Episode 197,21,197,2025-03-31,https://www.themoviedb.org/tv/40879/season/21/episode/197
Suidooster,Episode 1,11,1,2025-04-01,https://www.themoviedb.org/tv/235484/season/11/episode/1
De Bondgenoten,Episode 117,2,117,2025-04-01,https://www.themoviedb.org/tv/235493/season/2/episode/117
Binnelanders,Episode 217,20,217,2025-04-01,https://www.themoviedb.org/tv/206559/season/20/episode/217
Tomorrow Is Ours,Episode 1912,1,1912,2025-04-01,https://www.themoviedb.org/tv/72879/season/1/episode/1912
Big Brother,Day Highlights 26,15,27,2025-04-01,https://www.themoviedb.org/tv/21926/season/15/episode/27
Hallo Kroket!,Episode 62,1,62,2025-04-01,https://www.themoviedb.org/tv/279257/season/1/episode/62
Sľub,Episode 57,1,57,2025-04-01,https://www.themoviedb.org/tv/279914/season/1/episode/57
Ici tout commence,Episode 1144,1,1144,2025-04-01,https://www.themoviedb.org/tv/112470/season/1/episode/1144
Kelders van Geheime,Episode 237,1,237,2025-04-01,https://www.themoviedb.org/tv/249010/season/1/episode/237
Chronicles of the Sun,Episode 60,7,60,2025-04-01,https://www.themoviedb.org/tv/81329/season/7/episode/60
Diepe Waters,Episode 106,3,106,2025-04-01,https://www.themoviedb.org/tv/231962/season/3/episode/106
Vandaag Inside,Episode 52,8,52,2025-04-01,https://www.themoviedb.org/tv/154828/season/8/episode/52
The Arena with Kasie Hunt,Episode 47,1,47,2025-04-01,https://www.themoviedb.org/tv/283709/season/1/episode/47
Big Brother Célébrités,Episode 70,5,70,2025-04-01,https://www.themoviedb.org/tv/113207/season/5/episode/70
Star Académie,Episode 57,3,57,2025-04-01,https://www.themoviedb.org/tv/115107/season/3/episode/57
Big Brother,Episode 74,5,74,2025-04-01,https://www.themoviedb.org/tv/114885/season/5/episode/74
Dahoam is Dahoam,Episode 198,21,198,2025-04-01,https://www.themoviedb.org/tv/40879/season/21/episode/198
Markus Lanz,Episode 38,18,38,2025-04-01,https://www.themoviedb.org/tv/23915/season/18/episode/38
Suidooster,Episode 2,11,2,2025-04-02,https://www.themoviedb.org/tv/235484/season/11/episode/2
De Bondgenoten,Episode 118,2,118,2025-04-02,https://www.themoviedb.org/tv/235493/season/2/episode/118
Binnelanders,Episode 218,20,218,2025-04-02,https://www.themoviedb.org/tv/206559/season/20/episode/218
Tomorrow Is Ours,Episode 1913,1,1913,2025-04-02,https://www.themoviedb.org/tv/72879/season/1/episode/1913
Big Brother,Day Highlights 27,15,28,2025-04-02,https://www.themoviedb.org/tv/21926/season/15/episode/28
Hallo Kroket!,Episode 63,1,63,2025-04-02,https://www.themoviedb.org/tv/279257/season/1/episode/63
Sľub,Episode 58,1,58,2025-04-02,https://www.themoviedb.org/tv/279914/season/1/episode/58
Ici tout commence,Episode 1145,1,1145,2025-04-02,https://www.themoviedb.org/tv/112470/season/1/episode/1145
Kelders van Geheime,Episode 238,1,238,2025-04-02,https://www.themoviedb.org/tv/249010/season/1/episode/238
Chronicles of the Sun,Episode 61,7,61,2025-04-02,https://www.themoviedb.org/tv/81329/season/7/episode/61
Diepe Waters,Episode 107,3,107,2025-04-02,https://www.themoviedb.org/tv/231962/season/3/episode/107
Vandaag Inside,Episode 53,8,53,2025-04-02,https://www.themoviedb.org/tv/154828/season/8/episode/53
The Arena with Kasie Hunt,Episode 48,1,48,2025-04-02,https://www.themoviedb.org/tv/283709/season/1/episode/48
Big Brother Célébrités,Episode 71,5,71,2025-04-02,https://www.themoviedb.org/tv/113207/season/5/episode/71
Star Académie,Episode 58,3,58,2025-04-02,https://www.themoviedb.org/tv/115107/season/3/episode/58
Big Brother,Episode 75,5,75,2025-04-02,https://www.themoviedb.org/tv/114885/season/5/episode/75
Dahoam is Dahoam,Episode 199,21,199,2025-04-02,https://www.themoviedb.org/tv/40879/season/21/episode/199
Markus Lanz,Episode 39,18,39,2025-04-02,https://www.themoviedb.org/tv/23915/season/18/episode/39
Suidooster,Episode 3,11,3,2025-04-03,https://www.themoviedb.org/tv/235484/season/11/episode/3
De Bondgenoten,Episode 119,2,119,2025-04-03,https://www.themoviedb.org/tv/235493/season/2/episode/119
Binnelanders,Episode 219,20,219,2025-04-03,https://www.themoviedb.org/tv/206559/season/20/episode/219
Tomorrow Is Ours,Episode 1914,1,1914,2025-04-03,https://www.themoviedb.org/tv/72879/season/1/episode/1914
Big Brother,Day Highlights 28,15,29,2025-04-03,https://www.themoviedb.org/tv/21926/season/15/episode/29
Hallo Kroket!,Episode 64,1,64,2025-04-03,https://www.themoviedb.org/tv/279257/season/1/episode/64
Sľub,Episode 59,1,59,2025-04-03,https://www.themoviedb.org/tv/279914/season/1/episode/59
Ici tout commence,Episode 1146,1,1146,2025-04-03,https://www.themoviedb.org/tv/112470/season/1/episode/1146
Kelders van Geheime,Episode 239,1,239,2025-04-03,https://www.themoviedb.org/tv/249010/season/1/episode/239
Chronicles of the Sun,Episode 62,7,62,2025-04-03,https://www.themoviedb.org/tv/81329/season/7/episode/62
Diepe Waters,Episode 108,3,108,2025-04-03,https://www.themoviedb.org/tv/231962/season/3/episode/108
Vandaag Inside,Episode 54,8,54,2025-04-03,https://www.themoviedb.org/tv/154828/season/8/episode/54
The Arena with Kasie Hunt,Episode 49,1,49,2025-04-03,https://www.themoviedb.org/tv/283709/season/1/episode/49
Big Brother Célébrités,Episode 72,5,72,2025-04-03,https://www.themoviedb.org/tv/113207/season/5/episode/72
Star Académie,Episode 59,3,59,2025-04-03,https://www.themoviedb.org/tv/115107/season/3/episode/59
Big Brother,Episode 76,5,76,2025-04-03,https://www.themoviedb.org/tv/114885/season/5/episode/76
Dahoam is Dahoam,Episode 200,21,200,2025-04-03,https://www.themoviedb.org/tv/40879/season/21/episode/200
Markus Lanz,Episode 40,18,40,2025-04-03,https://www.themoviedb.org/tv/23915/season/18/episode/40
Suidooster,Episode 4,11,4,2025-04-04,https://www.themoviedb.org/tv/235484/season/11/episode/4
De Bondgenoten,Episode 120,2,120,2025-04-04,https://www.themoviedb.org/tv/235493/season/2/episode/120
Binnelanders,Episode 220,20,220,2025-04-04,https://www.themoviedb.org/tv/206559/season/20/episode/220
Tomorrow Is Ours,Episode 1915,1,1915,2025-04-04,https://www.themoviedb.org/tv/72879/season/1/episode/1915
Big Brother,Day Highlights 29,15,30,2025-04-04,https://www.themoviedb.org/tv/21926/season/15/episode/30
Hallo Kroket!,Episode 65,1,65,2025-04-04,https://www.themoviedb.org/tv/279257/season/1/episode/65
Sľub,Episode 60,1,60,2025-04-04,https://www.themoviedb.org/tv/279914/season/1/episode/60
Ici tout commence,Episode 1147,1,1147,2025-04-04,https://www.themoviedb.org/tv/112470/season/1/episode/1147
Kelders van Geheime,Episode 240,1,240,2025-04-04,https://www.themoviedb.org/tv/249010/season/1/episode/240
Chronicles of the Sun,Episode 63,7,63,2025-04-04,https://www.themoviedb.org/tv/81329/season/7/episode/63
Vandaag Inside,Episode 55,8,55,2025-04-04,https://www.themoviedb.org/tv/154828/season/8/episode/55
Big Brother,Episode 77,5,77,2025-04-04,https://www.themoviedb.org/tv/114885/season/5/episode/77
Big Brother Célébrités,Episode 73,5,73,2025-04-06,https://www.themoviedb.org/tv/113207/season/5/episode/73
Big Brother Célébrités,Episode 74,5,74,2025-04-06,https://www.themoviedb.org/tv/113207/season/5/episode/74
Star Académie,Episode 60,3,60,2025-04-06,https://www.themoviedb.org/tv/115107/season/3/episode/60
Suidooster,Episode 5,11,5,2025-04-07,https://www.themoviedb.org/tv/235484/season/11/episode/5
Binnelanders,Episode 221,20,221,2025-04-07,https://www.themoviedb.org/tv/206559/season/20/episode/221
Hallo Kroket!,Episode 66,1,66,2025-04-07,https://www.themoviedb.org/tv/279257/season/1/episode/66
Kelders van Geheime,Episode 241,1,241,2025-04-07,https://www.themoviedb.org/tv/249010/season/1/episode/241
Diepe Waters,Episode 109,3,109,2025-04-07,https://www.themoviedb.org/tv/231962/season/3/episode/109
Vandaag Inside,Episode 56,8,56,2025-04-07,https://www.themoviedb.org/tv/154828/season/8/episode/56
Suidooster,Episode 6,11,6,2025-04-08,https://www.themoviedb.org/tv/235484/season/11/episode/6
Binnelanders,Episode 222,20,222,2025-04-08,https://www.themoviedb.org/tv/206559/season/20/episode/222
Hallo Kroket!,Episode 67,1,67,2025-04-08,https://www.themoviedb.org/tv/279257/season/1/episode/67
Kelders van Geheime,Episode 242,1,242,2025-04-08,https://www.themoviedb.org/tv/249010/season/1/episode/242
Diepe Waters,Episode 110,3,110,2025-04-08,https://www.themoviedb.org/tv/231962/season/3/episode/110
Vandaag Inside,Episode 57,8,57,2025-04-08,https://www.themoviedb.org/tv/154828/season/8/episode/57
Suidooster,Episode 7,11,7,2025-04-09,https://www.themoviedb.org/tv/235484/season/11/episode/7
Binnelanders,Episode 223,20,223,2025-04-09,https://www.themoviedb.org/tv/206559/season/20/episode/223
Hallo Kroket!,Episode 68,1,68,2025-04-09,https://www.themoviedb.org/tv/279257/season/1/episode/68
Kelders van Geheime,Episode 243,1,243,2025-04-09,https://www.themoviedb.org/tv/249010/season/1/episode/243
Diepe Waters,Episode 111,3,111,2025-04-09,https://www.themoviedb.org/tv/231962/season/3/episode/111
Vandaag Inside,Episode 58,8,58,2025-04-09,https://www.themoviedb.org/tv/154828/season/8/episode/58
Suidooster,Episode 8,11,8,2025-04-10,https://www.themoviedb.org/tv/235484/season/11/episode/8
Binnelanders,Episode 224,20,224,2025-04-10,https://www.themoviedb.org/tv/206559/season/20/episode/224
Hallo Kroket!,Episode 69,1,69,2025-04-10,https://www.themoviedb.org/tv/279257/season/1/episode/69
Kelders van Geheime,Episode 244,1,244,2025-04-10,https://www.themoviedb.org/tv/249010/season/1/episode/244
Diepe Waters,Episode 112,3,112,2025-04-10,https://www.themoviedb.org/tv/231962/season/3/episode/112
Vandaag Inside,Episode 59,8,59,2025-04-10,https://www.themoviedb.org/tv/154828/season/8/episode/59
Suidooster,Episode 9,11,9,2025-04-11,https://www.themoviedb.org/tv/235484/season/11/episode/9
Binnelanders,Episode 225,20,225,2025-04-11,https://www.themoviedb.org/tv/206559/season/20/episode/225
Hallo Kroket!,Episode 70,1,70,2025-04-11,https://www.themoviedb.org/tv/279257/season/1/episode/70
Kelders van Geheime,Episode 245,1,245,2025-04-11,https://www.themoviedb.org/tv/249010/season/1/episode/245
Vandaag Inside,Episode 60,8,60,2025-04-11,https://www.themoviedb.org/tv/154828/season/8/episode/60
Suidooster,Episode 10,11,10,2025-04-14,https://www.themoviedb.org/tv/235484/season/11/episode/10
Binnelanders,Episode 226,20,226,2025-04-14,https://www.themoviedb.org/tv/206559/season/20/episode/226
Hallo Kroket!,Episode 71,1,71,2025-04-14,https://www.themoviedb.org/tv/279257/season/1/episode/71
Kelders van Geheime,Episode 246,1,246,2025-04-14,https://www.themoviedb.org/tv/249010/season/1/episode/246
Diepe Waters,Episode 113,3,113,2025-04-14,https://www.themoviedb.org/tv/231962/season/3/episode/113
Vandaag Inside,Episode 61,8,61,2025-04-14,https://www.themoviedb.org/tv/154828/season/8/episode/61
Suidooster,Episode 11,11,11,2025-04-15,https://www.themoviedb.org/tv/235484/season/11/episode/11
Binnelanders,Episode 227,20,227,2025-04-15,https://www.themoviedb.org/tv/206559/season/20/episode/227
Hallo Kroket!,Episode 72,1,72,2025-04-15,https://www.themoviedb.org/tv/279257/season/1/episode/72
Kelders van Geheime,Episode 247,1,247,2025-04-15,https://www.themoviedb.org/tv/249010/season/1/episode/247
Diepe Waters,Episode 114,3,114,2025-04-15,https://www.themoviedb.org/tv/231962/season/3/episode/114
Vandaag Inside,Episode 62,8,62,2025-04-15,https://www.themoviedb.org/tv/154828/season/8/episode/62
Suidooster,Episode 12,11,12,2025-04-16,https://www.themoviedb.org/tv/235484/season/11/episode/12
Binnelanders,Episode 228,20,228,2025-04-16,https://www.themoviedb.org/tv/206559/season/20/episode/228
Hallo Kroket!,Episode 73,1,73,2025-04-16,https://www.themoviedb.org/tv/279257/season/1/episode/73
Kelders van Geheime,Episode 248,1,248,2025-04-16,https://www.themoviedb.org/tv/249010/season/1/episode/248
Diepe Waters,Episode 115,3,115,2025-04-16,https://www.themoviedb.org/tv/231962/season/3/episode/115
Vandaag Inside,Episode 63,8,63,2025-04-16,https://www.themoviedb.org/tv/154828/season/8/episode/63
Suidooster,Episode 13,11,13,2025-04-17,https://www.themoviedb.org/tv/235484/season/11/episode/13
Binnelanders,Episode 229,20,229,2025-04-17,https://www.themoviedb.org/tv/206559/season/20/episode/229
Hallo Kroket!,Episode 74,1,74,2025-04-17,https://www.themoviedb.org/tv/279257/season/1/episode/74
Kelders van Geheime,Episode 249,1,249,2025-04-17,https://www.themoviedb.org/tv/249010/season/1/episode/249
Diepe Waters,Episode 116,3,116,2025-04-17,https://www.themoviedb.org/tv/231962/season/3/episode/116
Vandaag Inside,Episode 64,8,64,2025-04-17,https://www.themoviedb.org/tv/154828/season/8/episode/64
Suidooster,Episode 14,11,14,2025-04-18,https://www.themoviedb.org/tv/235484/season/11/episode/14
Binnelanders,Episode 230,20,230,2025-04-18,https://www.themoviedb.org/tv/206559/season/20/episode/230
Hallo Kroket!,Episode 75,1,75,2025-04-18,https://www.themoviedb.org/tv/279257/season/1/episode/75
Kelders van Geheime,Episode 250,1,250,2025-04-18,https://www.themoviedb.org/tv/249010/season/1/episode/250
Vandaag Inside,Episode 65,8,65,2025-04-18,https://www.themoviedb.org/tv/154828/season/8/episode/65